﻿<?xml version="1.0" encoding="utf-8" ?>
<configuration>
  <configSections>
    <section name="hibernate-configuration"
    type="NHibernate.Cfg.ConfigurationSectionHandler, NHibernate" />
  </configSections>
  <hibernate-configuration xmlns="urn:nhibernate-configuration-2.2">
    <session-factory>
      <property name="connection.provider">NHibernate.Connection.DriverConnectionProvider</property>
      <property name="connection.driver_class">NHibernate.Driver.SqlClientDriver</property>
      <property name="connection.connection_string">Server=.\MYDB;Database=FurnitureStore;Integrated Security=SSPI;</property>
      <property name="dialect">NHibernate.Dialect.MsSql2012Dialect</property>
      <property name="show_sql">true</property>
    </session-factory>
  </hibernate-configuration>
</configuration>
